{
		"PC1": [
			[-9.610712068],
			[-9.767188705],
			[-10.05906912],
			[-9.225515159],
			[-8.97533183],
			[-8.264984064],
			[-7.755218346],
			[-9.861738731],
			[-9.447152682],
			[-7.291471425],
			[-7.537831896],
			[-6.311083482],
			[-7.227611933],
			[-7.864121906],
			[-8.758651206],
			[-8.813072971],
			[-8.109094838],
			[-8.75429654],
			[-9.333937973],
			[-9.03656182],
			[-7.067006602],
			[-8.425103324],
			[-10.27653598],
			[-8.094997734],
			[-8.949027877],
			[-7.057043502],
			[-7.672862367],
			[-6.36084663],
			[-6.862068244],
			[-6.383658788],
			[-5.592612547],
			[-5.062615773],
			[-5.758745721],
			[-7.840945994],
			[-8.755507824],
			[-6.058171969],
			[-6.171989883],
			[-7.39340247],
			[-5.215346969],
			[-6.495518866],
			[-7.94207275],
			[-6.924857882],
			[-8.134757287],
			[-7.451734672],
			[-8.080092155],
			[-8.270942283],
			[-7.797217557],
			[-9.372408075],
			[-7.801757202],
			[-7.770660189],
			[-11.25658663],
			[-9.288845659],
			[-9.140806173],
			[-9.216347842],
			[-8.516842625],
			[-7.180411507],
			[-8.325625248],
			[-9.228440874],
			[-10.73463334],
			[-10.65005873],
			[-10.33470337],
			[-10.38332773],
			[-9.892272579],
			[-10.60004125],
			[-7.797709161],
			[-7.29532523],
			[-8.856662577],
			[-7.239203138],
			[15.44578636],
			[14.84215241],
			[15.74866994],
			[15.30764026],
			[15.78349993],
			[15.89517243],
			[16.55448233],
			[15.81344163],
			[13.6822013],
			[14.61280551],
			[15.8347619],
			[14.14039655],
			[16.17852984],
			[15.69233818],
			[14.69537421],
			[14.56006904],
			[14.041614],
			[15.18537853],
			[14.0437548],
			[14.07199943],
			[15.56794314],
			[15.65536259],
			[14.10384672],
			[14.9415605],
			[8.323118483],
			[7.660882306],
			[8.877951915],
			[10.01213632],
			[9.734140453],
			[9.481115863],
			[9.82811823],
			[9.514137751],
			[10.58832754],
			[10.18373162],
			[9.620295544],
			[9.021856236],
			[10.09425007],
			[9.683420811],
			[9.395353388],
			[8.703664002],
			[9.117513552],
			[8.919815698],
			[8.132547323],
			[9.248837308],
			[10.44300351]
		],
		"PC2": [
			[1.59981239],
			[1.238886266],
			[0.7556944409],
			[1.053298361],
			[1.400934628],
			[0.3791872242],
			[-0.3597730228],
			[2.428519607],
			[0.6243653951],
			[0.2801665626],
			[-1.686825956],
			[-0.3297584547],
			[-0.3999678833],
			[-0.3706040398],
			[2.398673521],
			[2.047628334],
			[-0.08708907681],
			[1.95720484],
			[-2.216250108],
			[0.2060111565],
			[0.7269098123],
			[-1.325769166],
			[0.6796431851],
			[0.1731272134],
			[0.8302322437],
			[-1.841103587],
			[0.3662222399],
			[0.5420259471],
			[0.03902694615],
			[-1.885733434],
			[-0.1365261452],
			[-1.72293061],
			[-0.8622809389],
			[0.2946171852],
			[0.02062345708],
			[2.454347238],
			[0.2428563535],
			[0.4836255799],
			[-0.9304277109],
			[-0.1517320402],
			[1.321331576],
			[2.168939872],
			[1.155698385],
			[0.3977449287],
			[-0.4407317087],
			[-2.01797238],
			[-0.7296444137],
			[0.4443867853],
			[-1.025549373],
			[-1.719676444],
			[-0.03760600771],
			[-1.395711333],
			[0.06669866776],
			[0.02395229551],
			[-0.7599552607],
			[1.290652334],
			[-1.265732323],
			[0.8149449746],
			[2.055560297],
			[-1.259405614],
			[-0.0239445093],
			[1.570222156],
			[-1.358726427],
			[-0.9137898601],
			[0.6911782324],
			[-1.45122583],
			[-0.7732956624],
			[0.9603929498],
			[0.2618124602],
			[0.718117366],
			[1.455057034],
			[1.328712609],
			[1.232320005],
			[1.552343696],
			[1.363426648],
			[0.8709406967],
			[1.252126193],
			[0.9112162662],
			[0.8167275351],
			[1.223197023],
			[1.436213531],
			[1.004687814],
			[0.9840702632],
			[1.405587679],
			[0.4705484367],
			[1.54548126],
			[0.9789193825],
			[0.7980378049],
			[0.4460941681],
			[1.258135837],
			[0.7019424268],
			[0.5055606581],
			[-2.330657849],
			[-0.342380238],
			[-1.306377096],
			[-2.259173406],
			[-1.687500569],
			[-1.676100835],
			[-1.28421268],
			[-0.1785982781],
			[-1.967315526],
			[-0.6909278659],
			[-0.8985858756],
			[-0.9432343451],
			[-1.326367576],
			[-1.117358594],
			[-2.071373239],
			[-1.023874529],
			[-1.536195881],
			[-2.056249555],
			[-1.525639479],
			[-2.385747821],
			[-2.619009816]
		],
		"PC3": [
			[0.657696051],
			[0.5930172175],
			[0.7730613305],
			[0.2940342886],
			[-0.7929517423],
			[1.189456856],
			[-1.093181107],
			[0.06852403385],
			[0.2069443593],
			[-1.07022618],
			[0.8103270946],
			[0.4332687977],
			[0.8092086341],
			[-0.3294255145],
			[-0.330411032],
			[0.66008574],
			[-0.4661572935],
			[-0.03078748091],
			[-1.623899711],
			[0.4527081196],
			[-0.8885557615],
			[-0.1957586024],
			[-0.251948464],
			[-1.7714256],
			[0.9098883431],
			[-0.3132191953],
			[-1.605816779],
			[0.9825509599],
			[0.5254299166],
			[0.8973380605],
			[-0.8998475663],
			[-0.1544592708],
			[0.1699271316],
			[1.359133384],
			[-0.3440083701],
			[-0.6238840456],
			[-0.03452138017],
			[-2.468847349],
			[-0.4632540306],
			[-0.1497638694],
			[-0.6379853918],
			[0.7789050279],
			[0.2624307031],
			[1.62592623],
			[-0.4901139184],
			[1.188322927],
			[1.078100982],
			[2.27035312],
			[0.641334986],
			[-1.608348134],
			[0.830279332],
			[0.02567268926],
			[-1.445842879],
			[0.5852934803],
			[2.084054094],
			[-0.9005055845],
			[-0.3226089888],
			[-1.05521406],
			[-0.8706708669],
			[0.3701540598],
			[-1.286104659],
			[0.1345966447],
			[0.9893508949],
			[0.6970588487],
			[0.9199968789],
			[-2.014010649],
			[-0.8395318491],
			[0.9107167154],
			[0.4213830363],
			[-0.214256256],
			[-0.04316205164],
			[-0.07289454002],
			[0.240282412],
			[0.5744121476],
			[0.4428578266],
			[0.05532840574],
			[0.2704006631],
			[0.0324931088],
			[0.3845661093],
			[-0.2790553121],
			[0.0540034477],
			[-0.3893897266],
			[-0.5019718491],
			[0.2804999815],
			[0.1941135363],
			[0.5634442846],
			[-0.5776539788],
			[-0.3867263994],
			[0.06179623291],
			[0.2128119536],
			[-0.1223596264],
			[-0.2340783007],
			[-1.026666631],
			[-0.0706267047],
			[0.5764845324],
			[0.7702376645],
			[-0.1893349632],
			[1.40632641],
			[-0.4392363874],
			[-0.6558205643],
			[0.9696102862],
			[-1.757303965],
			[-0.5705854718],
			[0.1994921297],
			[-0.1553645059],
			[-2.376281945],
			[-0.5008769328],
			[0.6900614566],
			[-0.2751675236],
			[0.3247286447],
			[1.037955447],
			[1.251685409],
			[0.01197790451]
		],